"Benchmark Title","Benchmark Version","Benchmark Profile","Rule Title","Rule ID","Computer Name","IP Address","Result","CCE","CCI","Severity","Group Title","Group ID"
"Microsoft Windows Server 2016 Security Technical Implementation Guide","2.001","II - Mission Support Sensitive","Systems must be maintained at a supported servicing level.","xccdf_mil.disa.stig_rule_SV-224828r569186_rule","Server2.sub1.domain1.local","::1,192.168.13.14","Pass","","","high","SRG-OS-000480-GPOS-00227","xccdf_mil.disa.stig_group_V-224828"
"Microsoft Windows Server 2016 Security Technical Implementation Guide","2.001","II - Mission Support Sensitive","Local volumes must use a format that supports NTFS attributes.","xccdf_mil.disa.stig_rule_SV-224831r569186_rule","Server2.sub1.domain1.local","::1,192.168.13.14","Pass","","","high","SRG-OS-000080-GPOS-00048","xccdf_mil.disa.stig_group_V-224831"
"Microsoft Windows Server 2016 Security Technical Implementation Guide","2.001","II - Mission Support Sensitive","The Fax Server role must not be installed.","xccdf_mil.disa.stig_rule_SV-224850r569186_rule","Server2.sub1.domain1.local","::1,192.168.13.14","Pass","","","medium","SRG-OS-000095-GPOS-00049","xccdf_mil.disa.stig_group_V-224850"
"Microsoft Windows Server 2016 Security Technical Implementation Guide","2.001","II - Mission Support Sensitive","The Microsoft FTP service must not be installed unless required.","xccdf_mil.disa.stig_rule_SV-224851r569186_rule","Server2.sub1.domain1.local","::1,192.168.13.14","Pass","","","medium","SRG-OS-000096-GPOS-00050","xccdf_mil.disa.stig_group_V-224851"
"Microsoft Windows Server 2016 Security Technical Implementation Guide","2.001","II - Mission Support Sensitive","The Peer Name Resolution Protocol must not be installed.","xccdf_mil.disa.stig_rule_SV-224852r569186_rule","Server2.sub1.domain1.local","::1,192.168.13.14","Pass","","","medium","SRG-OS-000095-GPOS-00049","xccdf_mil.disa.stig_group_V-224852"
"Microsoft Windows Server 2016 Security Technical Implementation Guide","2.001","II - Mission Support Sensitive","Simple TCP/IP Services must not be installed.","xccdf_mil.disa.stig_rule_SV-224853r569186_rule","Server2.sub1.domain1.local","::1,192.168.13.14","Pass","","","medium","SRG-OS-000095-GPOS-00049","xccdf_mil.disa.stig_group_V-224853"
"Microsoft Windows Server 2016 Security Technical Implementation Guide","2.001","II - Mission Support Sensitive","The Telnet Client must not be installed.","xccdf_mil.disa.stig_rule_SV-224854r569186_rule","Server2.sub1.domain1.local","::1,192.168.13.14","Pass","","","medium","SRG-OS-000096-GPOS-00050","xccdf_mil.disa.stig_group_V-224854"
"Microsoft Windows Server 2016 Security Technical Implementation Guide","2.001","II - Mission Support Sensitive","The TFTP Client must not be installed.","xccdf_mil.disa.stig_rule_SV-224855r569186_rule","Server2.sub1.domain1.local","::1,192.168.13.14","Pass","","","medium","SRG-OS-000095-GPOS-00049","xccdf_mil.disa.stig_group_V-224855"
"Microsoft Windows Server 2016 Security Technical Implementation Guide","2.001","II - Mission Support Sensitive","The Server Message Block (SMB) v1 protocol must be uninstalled.","xccdf_mil.disa.stig_rule_SV-224856r569186_rule","Server2.sub1.domain1.local","::1,192.168.13.14","Pass","","","medium","SRG-OS-000095-GPOS-00049","xccdf_mil.disa.stig_group_V-224856"
"Microsoft Windows Server 2016 Security Technical Implementation Guide","2.001","II - Mission Support Sensitive","The Server Message Block (SMB) v1 protocol must be disabled on the SMB server.","xccdf_mil.disa.stig_rule_SV-224857r569186_rule","Server2.sub1.domain1.local","::1,192.168.13.14","Pass","","","medium","SRG-OS-000095-GPOS-00049","xccdf_mil.disa.stig_group_V-224857"
"Microsoft Windows Server 2016 Security Technical Implementation Guide","2.001","II - Mission Support Sensitive","The Server Message Block (SMB) v1 protocol must be disabled on the SMB client.","xccdf_mil.disa.stig_rule_SV-224858r569186_rule","Server2.sub1.domain1.local","::1,192.168.13.14","Pass","","","medium","SRG-OS-000095-GPOS-00049","xccdf_mil.disa.stig_group_V-224858"
"Microsoft Windows Server 2016 Security Technical Implementation Guide","2.001","II - Mission Support Sensitive","Windows PowerShell 2.0 must not be installed.","xccdf_mil.disa.stig_rule_SV-224859r569186_rule","Server2.sub1.domain1.local","::1,192.168.13.14","Pass","","","medium","SRG-OS-000095-GPOS-00049","xccdf_mil.disa.stig_group_V-224859"
"Microsoft Windows Server 2016 Security Technical Implementation Guide","2.001","II - Mission Support Sensitive","Windows 2016 account lockout duration must be configured to 15 minutes or greater.","xccdf_mil.disa.stig_rule_SV-224866r569186_rule","Server2.sub1.domain1.local","::1,192.168.13.14","Pass","CCE-47152-4","","medium","SRG-OS-000329-GPOS-00128","xccdf_mil.disa.stig_group_V-224866"
"Microsoft Windows Server 2016 Security Technical Implementation Guide","2.001","II - Mission Support Sensitive","Windows Server 2016 must have the number of allowed bad logon attempts configured to three or less.","xccdf_mil.disa.stig_rule_SV-224867r569186_rule","Server2.sub1.domain1.local","::1,192.168.13.14","Pass","CCE-46497-4","","medium","SRG-OS-000021-GPOS-00005","xccdf_mil.disa.stig_group_V-224867"
"Microsoft Windows Server 2016 Security Technical Implementation Guide","2.001","II - Mission Support Sensitive","Windows Server 2016 must have the period of time before the bad logon counter is reset configured to 15 minutes or greater.","xccdf_mil.disa.stig_rule_SV-224868r569186_rule","Server2.sub1.domain1.local","::1,192.168.13.14","Pass","CCE-47272-0","","medium","SRG-OS-000021-GPOS-00005","xccdf_mil.disa.stig_group_V-224868"
"Microsoft Windows Server 2016 Security Technical Implementation Guide","2.001","II - Mission Support Sensitive","Windows Server 2016 password history must be configured to 24 passwords remembered.","xccdf_mil.disa.stig_rule_SV-224869r569186_rule","Server2.sub1.domain1.local","::1,192.168.13.14","Pass","CCE-44479-4","","medium","SRG-OS-000077-GPOS-00045","xccdf_mil.disa.stig_group_V-224869"
"Microsoft Windows Server 2016 Security Technical Implementation Guide","2.001","II - Mission Support Sensitive","Windows Server 2016 maximum password age must be configured to 60 days or less.","xccdf_mil.disa.stig_rule_SV-224870r569186_rule","Server2.sub1.domain1.local","::1,192.168.13.14","Pass","CCE-44704-5","","medium","SRG-OS-000076-GPOS-00044","xccdf_mil.disa.stig_group_V-224870"
"Microsoft Windows Server 2016 Security Technical Implementation Guide","2.001","II - Mission Support Sensitive","Windows Server 2016 minimum password age must be configured to at least one day.","xccdf_mil.disa.stig_rule_SV-224871r569186_rule","Server2.sub1.domain1.local","::1,192.168.13.14","Pass","CCE-45608-7","","medium","SRG-OS-000075-GPOS-00043","xccdf_mil.disa.stig_group_V-224871"
"Microsoft Windows Server 2016 Security Technical Implementation Guide","2.001","II - Mission Support Sensitive","Windows Server 2016 minimum password length must be configured to 14 characters.","xccdf_mil.disa.stig_rule_SV-224872r569186_rule","Server2.sub1.domain1.local","::1,192.168.13.14","Pass","CCE-46914-8","","medium","SRG-OS-000078-GPOS-00046","xccdf_mil.disa.stig_group_V-224872"
"Microsoft Windows Server 2016 Security Technical Implementation Guide","2.001","II - Mission Support Sensitive","Windows Server 2016 must have the built-in Windows password complexity policy enabled.","xccdf_mil.disa.stig_rule_SV-224873r569186_rule","Server2.sub1.domain1.local","::1,192.168.13.14","Pass","CCE-47309-0","","medium","SRG-OS-000069-GPOS-00037","xccdf_mil.disa.stig_group_V-224873"
"Microsoft Windows Server 2016 Security Technical Implementation Guide","2.001","II - Mission Support Sensitive","Windows Server 2016 reversible password encryption must be disabled.","xccdf_mil.disa.stig_rule_SV-224874r569186_rule","Server2.sub1.domain1.local","::1,192.168.13.14","Pass","CCE-45002-3","","high","SRG-OS-000073-GPOS-00041","xccdf_mil.disa.stig_group_V-224874"
"Microsoft Windows Server 2016 Security Technical Implementation Guide","2.001","II - Mission Support Sensitive","Permissions for the Application event log must prevent access by non-privileged accounts.","xccdf_mil.disa.stig_rule_SV-224877r569186_rule","Server2.sub1.domain1.local","::1,192.168.13.14","Pass","","","medium","SRG-OS-000057-GPOS-00027","xccdf_mil.disa.stig_group_V-224877"
"Microsoft Windows Server 2016 Security Technical Implementation Guide","2.001","II - Mission Support Sensitive","Permissions for the Security event log must prevent access by non-privileged accounts.","xccdf_mil.disa.stig_rule_SV-224878r569186_rule","Server2.sub1.domain1.local","::1,192.168.13.14","Pass","","","medium","SRG-OS-000057-GPOS-00027","xccdf_mil.disa.stig_group_V-224878"
"Microsoft Windows Server 2016 Security Technical Implementation Guide","2.001","II - Mission Support Sensitive","Permissions for the System event log must prevent access by non-privileged accounts.","xccdf_mil.disa.stig_rule_SV-224879r569186_rule","Server2.sub1.domain1.local","::1,192.168.13.14","Pass","","","medium","SRG-OS-000057-GPOS-00027","xccdf_mil.disa.stig_group_V-224879"
"Microsoft Windows Server 2016 Security Technical Implementation Guide","2.001","II - Mission Support Sensitive","Event Viewer must be protected from unauthorized modification and deletion.","xccdf_mil.disa.stig_rule_SV-224880r569186_rule","Server2.sub1.domain1.local","::1,192.168.13.14","Pass","","","medium","SRG-OS-000257-GPOS-00098","xccdf_mil.disa.stig_group_V-224880"
"Microsoft Windows Server 2016 Security Technical Implementation Guide","2.001","II - Mission Support Sensitive","Windows Server 2016 must be configured to audit Account Logon - Credential Validation successes.","xccdf_mil.disa.stig_rule_SV-224881r569186_rule","Server2.sub1.domain1.local","::1,192.168.13.14","Pass","CCE-44732-6","","medium","SRG-OS-000470-GPOS-00214","xccdf_mil.disa.stig_group_V-224881"
"Microsoft Windows Server 2016 Security Technical Implementation Guide","2.001","II - Mission Support Sensitive","Windows Server 2016 must be configured to audit Account Logon - Credential Validation failures.","xccdf_mil.disa.stig_rule_SV-224882r569186_rule","Server2.sub1.domain1.local","::1,192.168.13.14","Pass","CCE-44732-6","","medium","SRG-OS-000470-GPOS-00214","xccdf_mil.disa.stig_group_V-224882"
"Microsoft Windows Server 2016 Security Technical Implementation Guide","2.001","II - Mission Support Sensitive","Windows Server 2016 must be configured to audit Account Management - Other Account Management Events successes.","xccdf_mil.disa.stig_rule_SV-224883r569186_rule","Server2.sub1.domain1.local","::1,192.168.13.14","Pass","CCE-45973-5","","medium","SRG-OS-000327-GPOS-00127","xccdf_mil.disa.stig_group_V-224883"
"Microsoft Windows Server 2016 Security Technical Implementation Guide","2.001","II - Mission Support Sensitive","Windows Server 2016 must be configured to audit Account Management - Security Group Management successes.","xccdf_mil.disa.stig_rule_SV-224884r569186_rule","Server2.sub1.domain1.local","::1,192.168.13.14","Pass","CCE-46702-7","","medium","SRG-OS-000004-GPOS-00004","xccdf_mil.disa.stig_group_V-224884"
"Microsoft Windows Server 2016 Security Technical Implementation Guide","2.001","II - Mission Support Sensitive","Windows Server 2016 must be configured to audit Account Management - User Account Management successes.","xccdf_mil.disa.stig_rule_SV-224885r569186_rule","Server2.sub1.domain1.local","::1,192.168.13.14","Pass","CCE-46552-6","","medium","SRG-OS-000004-GPOS-00004","xccdf_mil.disa.stig_group_V-224885"
"Microsoft Windows Server 2016 Security Technical Implementation Guide","2.001","II - Mission Support Sensitive","Windows Server 2016 must be configured to audit Account Management - User Account Management failures.","xccdf_mil.disa.stig_rule_SV-224886r569186_rule","Server2.sub1.domain1.local","::1,192.168.13.14","Pass","CCE-46552-6","","medium","SRG-OS-000004-GPOS-00004","xccdf_mil.disa.stig_group_V-224886"
"Microsoft Windows Server 2016 Security Technical Implementation Guide","2.001","II - Mission Support Sensitive","Windows Server 2016 must be configured to audit Detailed Tracking - Process Creation successes.","xccdf_mil.disa.stig_rule_SV-224888r569186_rule","Server2.sub1.domain1.local","::1,192.168.13.14","Pass","CCE-46177-2","","medium","SRG-OS-000327-GPOS-00127","xccdf_mil.disa.stig_group_V-224888"
"Microsoft Windows Server 2016 Security Technical Implementation Guide","2.001","II - Mission Support Sensitive","Windows Server 2016 must be configured to audit Logon/Logoff - Account Lockout successes.","xccdf_mil.disa.stig_rule_SV-224889r569186_rule","Server2.sub1.domain1.local","::1,192.168.13.14","Pass","","","medium","SRG-OS-000240-GPOS-00090","xccdf_mil.disa.stig_group_V-224889"
"Microsoft Windows Server 2016 Security Technical Implementation Guide","2.001","II - Mission Support Sensitive","Windows Server 2016 must be configured to audit Logon/Logoff - Account Lockout failures.","xccdf_mil.disa.stig_rule_SV-224890r569186_rule","Server2.sub1.domain1.local","::1,192.168.13.14","Pass","","","medium","SRG-OS-000240-GPOS-00090","xccdf_mil.disa.stig_group_V-224890"
"Microsoft Windows Server 2016 Security Technical Implementation Guide","2.001","II - Mission Support Sensitive","Windows Server 2016 must be configured to audit Logon/Logoff - Logoff successes.","xccdf_mil.disa.stig_rule_SV-224892r569186_rule","Server2.sub1.domain1.local","::1,192.168.13.14","Pass","CCE-46491-7","","medium","SRG-OS-000032-GPOS-00013","xccdf_mil.disa.stig_group_V-224892"
"Microsoft Windows Server 2016 Security Technical Implementation Guide","2.001","II - Mission Support Sensitive","Windows Server 2016 must be configured to audit Logon/Logoff - Logon successes.","xccdf_mil.disa.stig_rule_SV-224893r569186_rule","Server2.sub1.domain1.local","::1,192.168.13.14","Pass","CCE-45977-6","","medium","SRG-OS-000032-GPOS-00013","xccdf_mil.disa.stig_group_V-224893"
"Microsoft Windows Server 2016 Security Technical Implementation Guide","2.001","II - Mission Support Sensitive","Windows Server 2016 must be configured to audit Logon/Logoff - Logon failures.","xccdf_mil.disa.stig_rule_SV-224894r569186_rule","Server2.sub1.domain1.local","::1,192.168.13.14","Pass","CCE-45977-6","","medium","SRG-OS-000032-GPOS-00013","xccdf_mil.disa.stig_group_V-224894"
"Microsoft Windows Server 2016 Security Technical Implementation Guide","2.001","II - Mission Support Sensitive","Windows Server 2016 must be configured to audit Logon/Logoff - Special Logon successes.","xccdf_mil.disa.stig_rule_SV-224895r569186_rule","Server2.sub1.domain1.local","::1,192.168.13.14","Pass","CCE-46703-5","","medium","SRG-OS-000470-GPOS-00214","xccdf_mil.disa.stig_group_V-224895"
"Microsoft Windows Server 2016 Security Technical Implementation Guide","2.001","II - Mission Support Sensitive","Windows 2016 must be configured to audit Object Access - Other Object Access Events successes.","xccdf_mil.disa.stig_rule_SV-224896r569186_rule","Server2.sub1.domain1.local","::1,192.168.13.14","Pass","CCE-45980-0","","medium","SRG-OS-000470-GPOS-00214","xccdf_mil.disa.stig_group_V-224896"
"Microsoft Windows Server 2016 Security Technical Implementation Guide","2.001","II - Mission Support Sensitive","Windows 2016 must be configured to audit Object Access - Other Object Access Events failures.","xccdf_mil.disa.stig_rule_SV-224897r569186_rule","Server2.sub1.domain1.local","::1,192.168.13.14","Pass","CCE-45980-0","","medium","SRG-OS-000470-GPOS-00214","xccdf_mil.disa.stig_group_V-224897"
"Microsoft Windows Server 2016 Security Technical Implementation Guide","2.001","II - Mission Support Sensitive","Windows Server 2016 must be configured to audit Policy Change - Audit Policy Change successes.","xccdf_mil.disa.stig_rule_SV-224900r569186_rule","Server2.sub1.domain1.local","::1,192.168.13.14","Pass","CCE-45966-9","","medium","SRG-OS-000327-GPOS-00127","xccdf_mil.disa.stig_group_V-224900"
"Microsoft Windows Server 2016 Security Technical Implementation Guide","2.001","II - Mission Support Sensitive","Windows Server 2016 must be configured to audit Policy Change - Audit Policy Change failures.","xccdf_mil.disa.stig_rule_SV-224901r569186_rule","Server2.sub1.domain1.local","::1,192.168.13.14","Pass","CCE-45966-9","","medium","SRG-OS-000327-GPOS-00127","xccdf_mil.disa.stig_group_V-224901"
"Microsoft Windows Server 2016 Security Technical Implementation Guide","2.001","II - Mission Support Sensitive","Windows Server 2016 must be configured to audit Policy Change - Authentication Policy Change successes.","xccdf_mil.disa.stig_rule_SV-224902r569186_rule","Server2.sub1.domain1.local","::1,192.168.13.14","Pass","CCE-46496-6","","medium","SRG-OS-000327-GPOS-00127","xccdf_mil.disa.stig_group_V-224902"
"Microsoft Windows Server 2016 Security Technical Implementation Guide","2.001","II - Mission Support Sensitive","Windows Server 2016 must be configured to audit Policy Change - Authorization Policy Change successes.","xccdf_mil.disa.stig_rule_SV-224903r569186_rule","Server2.sub1.domain1.local","::1,192.168.13.14","Fail","CCE-46306-7","","medium","SRG-OS-000327-GPOS-00127","xccdf_mil.disa.stig_group_V-224903"
"Microsoft Windows Server 2016 Security Technical Implementation Guide","2.001","II - Mission Support Sensitive","Windows Server 2016 must be configured to audit Privilege Use - Sensitive Privilege Use successes.","xccdf_mil.disa.stig_rule_SV-224904r569186_rule","Server2.sub1.domain1.local","::1,192.168.13.14","Fail","CCE-45981-8","","medium","SRG-OS-000327-GPOS-00127","xccdf_mil.disa.stig_group_V-224904"
"Microsoft Windows Server 2016 Security Technical Implementation Guide","2.001","II - Mission Support Sensitive","Windows Server 2016 must be configured to audit Privilege Use - Sensitive Privilege Use failures.","xccdf_mil.disa.stig_rule_SV-224905r569186_rule","Server2.sub1.domain1.local","::1,192.168.13.14","Fail","CCE-45981-8","","medium","SRG-OS-000327-GPOS-00127","xccdf_mil.disa.stig_group_V-224905"
"Microsoft Windows Server 2016 Security Technical Implementation Guide","2.001","II - Mission Support Sensitive","Windows Server 2016 must be configured to audit System - IPsec Driver successes.","xccdf_mil.disa.stig_rule_SV-224906r569186_rule","Server2.sub1.domain1.local","::1,192.168.13.14","Fail","CCE-46482-6","","medium","SRG-OS-000327-GPOS-00127","xccdf_mil.disa.stig_group_V-224906"
"Microsoft Windows Server 2016 Security Technical Implementation Guide","2.001","II - Mission Support Sensitive","Windows Server 2016 must be configured to audit System - IPsec Driver failures.","xccdf_mil.disa.stig_rule_SV-224907r569186_rule","Server2.sub1.domain1.local","::1,192.168.13.14","Fail","CCE-46482-6","","medium","SRG-OS-000327-GPOS-00127","xccdf_mil.disa.stig_group_V-224907"
"Microsoft Windows Server 2016 Security Technical Implementation Guide","2.001","II - Mission Support Sensitive","Windows Server 2016 must be configured to audit System - Other System Events successes.","xccdf_mil.disa.stig_rule_SV-224908r569186_rule","Server2.sub1.domain1.local","::1,192.168.13.14","Fail","","","medium","SRG-OS-000327-GPOS-00127","xccdf_mil.disa.stig_group_V-224908"
"Microsoft Windows Server 2016 Security Technical Implementation Guide","2.001","II - Mission Support Sensitive","Windows Server 2016 must be configured to audit System - Other System Events failures.","xccdf_mil.disa.stig_rule_SV-224909r569186_rule","Server2.sub1.domain1.local","::1,192.168.13.14","Fail","CCE-46518-7","","medium","SRG-OS-000327-GPOS-00127","xccdf_mil.disa.stig_group_V-224909"
"Microsoft Windows Server 2016 Security Technical Implementation Guide","2.001","II - Mission Support Sensitive","Windows Server 2016 must be configured to audit System - Security State Change successes.","xccdf_mil.disa.stig_rule_SV-224910r569186_rule","Server2.sub1.domain1.local","::1,192.168.13.14","Fail","CCE-45968-5","","medium","SRG-OS-000327-GPOS-00127","xccdf_mil.disa.stig_group_V-224910"
"Microsoft Windows Server 2016 Security Technical Implementation Guide","2.001","II - Mission Support Sensitive","Windows Server 2016 must be configured to audit System - Security System Extension successes.","xccdf_mil.disa.stig_rule_SV-224911r569186_rule","Server2.sub1.domain1.local","::1,192.168.13.14","Fail","CCE-47111-0","","medium","SRG-OS-000327-GPOS-00127","xccdf_mil.disa.stig_group_V-224911"
"Microsoft Windows Server 2016 Security Technical Implementation Guide","2.001","II - Mission Support Sensitive","Windows Server 2016 must be configured to audit System - System Integrity successes.","xccdf_mil.disa.stig_rule_SV-224912r569186_rule","Server2.sub1.domain1.local","::1,192.168.13.14","Fail","CCE-46023-8","","medium","SRG-OS-000327-GPOS-00127","xccdf_mil.disa.stig_group_V-224912"
"Microsoft Windows Server 2016 Security Technical Implementation Guide","2.001","II - Mission Support Sensitive","Windows Server 2016 must be configured to audit System - System Integrity failures.","xccdf_mil.disa.stig_rule_SV-224913r569186_rule","Server2.sub1.domain1.local","::1,192.168.13.14","Fail","CCE-46023-8","","medium","SRG-OS-000327-GPOS-00127","xccdf_mil.disa.stig_group_V-224913"
"Microsoft Windows Server 2016 Security Technical Implementation Guide","2.001","II - Mission Support Sensitive","The display of slide shows on the lock screen must be disabled.","xccdf_mil.disa.stig_rule_SV-224914r569186_rule","Server2.sub1.domain1.local","::1,192.168.13.14","Fail","","","medium","SRG-OS-000095-GPOS-00049","xccdf_mil.disa.stig_group_V-224914"
"Microsoft Windows Server 2016 Security Technical Implementation Guide","2.001","II - Mission Support Sensitive","WDigest Authentication must be disabled on Windows Server 2016.","xccdf_mil.disa.stig_rule_SV-224915r569186_rule","Server2.sub1.domain1.local","::1,192.168.13.14","Fail","","","medium","SRG-OS-000095-GPOS-00049","xccdf_mil.disa.stig_group_V-224915"
"Microsoft Windows Server 2016 Security Technical Implementation Guide","2.001","II - Mission Support Sensitive","Internet Protocol version 6 (IPv6) source routing must be configured to the highest protection level to prevent IP source routing.","xccdf_mil.disa.stig_rule_SV-224916r569186_rule","Server2.sub1.domain1.local","::1,192.168.13.14","Fail","CCE-45275-5","","low","SRG-OS-000480-GPOS-00227","xccdf_mil.disa.stig_group_V-224916"
"Microsoft Windows Server 2016 Security Technical Implementation Guide","2.001","II - Mission Support Sensitive","Source routing must be configured to the highest protection level to prevent Internet Protocol (IP) source routing.","xccdf_mil.disa.stig_rule_SV-224917r569186_rule","Server2.sub1.domain1.local","::1,192.168.13.14","Fail","CCE-45276-3","","low","SRG-OS-000480-GPOS-00227","xccdf_mil.disa.stig_group_V-224917"
"Microsoft Windows Server 2016 Security Technical Implementation Guide","2.001","II - Mission Support Sensitive","Windows Server 2016 must be configured to prevent Internet Control Message Protocol (ICMP) redirects from overriding Open Shortest Path First (OSPF)-generated routes.","xccdf_mil.disa.stig_rule_SV-224918r569186_rule","Server2.sub1.domain1.local","::1,192.168.13.14","Fail","CCE-45279-7","","low","SRG-OS-000480-GPOS-00227","xccdf_mil.disa.stig_group_V-224918"
"Microsoft Windows Server 2016 Security Technical Implementation Guide","2.001","II - Mission Support Sensitive","Windows Server 2016 must be configured to ignore NetBIOS name release requests except from WINS servers.","xccdf_mil.disa.stig_rule_SV-224919r569186_rule","Server2.sub1.domain1.local","::1,192.168.13.14","Fail","CCE-45283-9","","low","SRG-OS-000420-GPOS-00186","xccdf_mil.disa.stig_group_V-224919"
"Microsoft Windows Server 2016 Security Technical Implementation Guide","2.001","II - Mission Support Sensitive","Insecure logons to an SMB server must be disabled.","xccdf_mil.disa.stig_rule_SV-224920r569186_rule","Server2.sub1.domain1.local","::1,192.168.13.14","Pass","","","medium","SRG-OS-000480-GPOS-00227","xccdf_mil.disa.stig_group_V-224920"
"Microsoft Windows Server 2016 Security Technical Implementation Guide","2.001","II - Mission Support Sensitive","Hardened UNC paths must be defined to require mutual authentication and integrity for at least the \\*\SYSVOL and \\*\NETLOGON shares.","xccdf_mil.disa.stig_rule_SV-224921r569186_rule","Server2.sub1.domain1.local","::1,192.168.13.14","Pass","","","medium","SRG-OS-000480-GPOS-00227","xccdf_mil.disa.stig_group_V-224921"
"Microsoft Windows Server 2016 Security Technical Implementation Guide","2.001","II - Mission Support Sensitive","Command line data must be included in process creation events.","xccdf_mil.disa.stig_rule_SV-224922r569186_rule","Server2.sub1.domain1.local","::1,192.168.13.14","Pass","CCE-45411-6","","medium","SRG-OS-000042-GPOS-00020","xccdf_mil.disa.stig_group_V-224922"
"Microsoft Windows Server 2016 Security Technical Implementation Guide","2.001","II - Mission Support Sensitive","Early Launch Antimalware, Boot-Start Driver Initialization Policy must prevent boot drivers identified as bad.","xccdf_mil.disa.stig_rule_SV-224924r569186_rule","Server2.sub1.domain1.local","::1,192.168.13.14","Pass","CCE-44468-7","","medium","SRG-OS-000480-GPOS-00227","xccdf_mil.disa.stig_group_V-224924"
"Microsoft Windows Server 2016 Security Technical Implementation Guide","2.001","II - Mission Support Sensitive","Group Policy objects must be reprocessed even if they have not changed.","xccdf_mil.disa.stig_rule_SV-224925r569186_rule","Server2.sub1.domain1.local","::1,192.168.13.14","Pass","CCE-46343-0","","medium","SRG-OS-000480-GPOS-00227","xccdf_mil.disa.stig_group_V-224925"
"Microsoft Windows Server 2016 Security Technical Implementation Guide","2.001","II - Mission Support Sensitive","Downloading print driver packages over HTTP must be prevented.","xccdf_mil.disa.stig_rule_SV-224926r569186_rule","Server2.sub1.domain1.local","::1,192.168.13.14","Pass","CCE-47107-8","","medium","SRG-OS-000095-GPOS-00049","xccdf_mil.disa.stig_group_V-224926"
"Microsoft Windows Server 2016 Security Technical Implementation Guide","2.001","II - Mission Support Sensitive","Printing over HTTP must be prevented.","xccdf_mil.disa.stig_rule_SV-224927r569186_rule","Server2.sub1.domain1.local","::1,192.168.13.14","Pass","CCE-47297-7","","medium","SRG-OS-000095-GPOS-00049","xccdf_mil.disa.stig_group_V-224927"
"Microsoft Windows Server 2016 Security Technical Implementation Guide","2.001","II - Mission Support Sensitive","The network selection user interface (UI) must not be displayed on the logon screen.","xccdf_mil.disa.stig_rule_SV-224928r569186_rule","Server2.sub1.domain1.local","::1,192.168.13.14","Pass","","","medium","SRG-OS-000095-GPOS-00049","xccdf_mil.disa.stig_group_V-224928"
"Microsoft Windows Server 2016 Security Technical Implementation Guide","2.001","II - Mission Support Sensitive","Users must be prompted to authenticate when the system wakes from sleep (on battery).","xccdf_mil.disa.stig_rule_SV-224929r569186_rule","Server2.sub1.domain1.local","::1,192.168.13.14","Pass","CCE-47317-3","","medium","SRG-OS-000480-GPOS-00227","xccdf_mil.disa.stig_group_V-224929"
"Microsoft Windows Server 2016 Security Technical Implementation Guide","2.001","II - Mission Support Sensitive","Users must be prompted to authenticate when the system wakes from sleep (plugged in).","xccdf_mil.disa.stig_rule_SV-224930r569186_rule","Server2.sub1.domain1.local","::1,192.168.13.14","Pass","CCE-46919-7","","medium","SRG-OS-000480-GPOS-00227","xccdf_mil.disa.stig_group_V-224930"
"Microsoft Windows Server 2016 Security Technical Implementation Guide","2.001","II - Mission Support Sensitive","The Application Compatibility Program Inventory must be prevented from collecting data and sending the information to Microsoft.","xccdf_mil.disa.stig_rule_SV-224931r569186_rule","Server2.sub1.domain1.local","::1,192.168.13.14","Pass","CCE-45945-3","","low","SRG-OS-000095-GPOS-00049","xccdf_mil.disa.stig_group_V-224931"
"Microsoft Windows Server 2016 Security Technical Implementation Guide","2.001","II - Mission Support Sensitive","AutoPlay must be turned off for non-volume devices.","xccdf_mil.disa.stig_rule_SV-224932r569186_rule","Server2.sub1.domain1.local","::1,192.168.13.14","Pass","CCE-46805-8","","high","SRG-OS-000368-GPOS-00154","xccdf_mil.disa.stig_group_V-224932"
"Microsoft Windows Server 2016 Security Technical Implementation Guide","2.001","II - Mission Support Sensitive","The default AutoRun behavior must be configured to prevent AutoRun commands.","xccdf_mil.disa.stig_rule_SV-224933r569186_rule","Server2.sub1.domain1.local","::1,192.168.13.14","Pass","CCE-46760-5","","high","SRG-OS-000368-GPOS-00154","xccdf_mil.disa.stig_group_V-224933"
"Microsoft Windows Server 2016 Security Technical Implementation Guide","2.001","II - Mission Support Sensitive","AutoPlay must be disabled for all drives.","xccdf_mil.disa.stig_rule_SV-224934r569186_rule","Server2.sub1.domain1.local","::1,192.168.13.14","Pass","CCE-46970-0","","high","SRG-OS-000368-GPOS-00154","xccdf_mil.disa.stig_group_V-224934"
"Microsoft Windows Server 2016 Security Technical Implementation Guide","2.001","II - Mission Support Sensitive","Administrator accounts must not be enumerated during elevation.","xccdf_mil.disa.stig_rule_SV-224935r569186_rule","Server2.sub1.domain1.local","::1,192.168.13.14","Pass","CCE-46465-1","","medium","SRG-OS-000134-GPOS-00068","xccdf_mil.disa.stig_group_V-224935"
"Microsoft Windows Server 2016 Security Technical Implementation Guide","2.001","II - Mission Support Sensitive","Windows Telemetry must be configured to Security or Basic.","xccdf_mil.disa.stig_rule_SV-224936r569186_rule","Server2.sub1.domain1.local","::1,192.168.13.14","Pass","","","medium","SRG-OS-000480-GPOS-00227","xccdf_mil.disa.stig_group_V-224936"
"Microsoft Windows Server 2016 Security Technical Implementation Guide","2.001","II - Mission Support Sensitive","The Application event log size must be configured to 32768 KB or greater.","xccdf_mil.disa.stig_rule_SV-224937r569186_rule","Server2.sub1.domain1.local","::1,192.168.13.14","Pass","CCE-44494-3","","medium","SRG-OS-000341-GPOS-00132","xccdf_mil.disa.stig_group_V-224937"
"Microsoft Windows Server 2016 Security Technical Implementation Guide","2.001","II - Mission Support Sensitive","The Security event log size must be configured to 196608 KB or greater.","xccdf_mil.disa.stig_rule_SV-224938r569186_rule","Server2.sub1.domain1.local","::1,192.168.13.14","Pass","CCE-44526-2","","medium","SRG-OS-000341-GPOS-00132","xccdf_mil.disa.stig_group_V-224938"
"Microsoft Windows Server 2016 Security Technical Implementation Guide","2.001","II - Mission Support Sensitive","The System event log size must be configured to 32768 KB or greater.","xccdf_mil.disa.stig_rule_SV-224939r569186_rule","Server2.sub1.domain1.local","::1,192.168.13.14","Pass","CCE-46651-6","","medium","SRG-OS-000341-GPOS-00132","xccdf_mil.disa.stig_group_V-224939"
"Microsoft Windows Server 2016 Security Technical Implementation Guide","2.001","II - Mission Support Sensitive","Windows Server 2016 Windows SmartScreen must be enabled.","xccdf_mil.disa.stig_rule_SV-224940r569186_rule","Server2.sub1.domain1.local","::1,192.168.13.14","Pass","CCE-44884-5","","medium","SRG-OS-000095-GPOS-00049","xccdf_mil.disa.stig_group_V-224940"
"Microsoft Windows Server 2016 Security Technical Implementation Guide","2.001","II - Mission Support Sensitive","Explorer Data Execution Prevention must be enabled.","xccdf_mil.disa.stig_rule_SV-224941r569186_rule","Server2.sub1.domain1.local","::1,192.168.13.14","Pass","CCE-45876-0","","medium","SRG-OS-000433-GPOS-00192","xccdf_mil.disa.stig_group_V-224941"
"Microsoft Windows Server 2016 Security Technical Implementation Guide","2.001","II - Mission Support Sensitive","Turning off File Explorer heap termination on corruption must be disabled.","xccdf_mil.disa.stig_rule_SV-224942r569186_rule","Server2.sub1.domain1.local","::1,192.168.13.14","Pass","CCE-47028-6","","low","SRG-OS-000480-GPOS-00227","xccdf_mil.disa.stig_group_V-224942"
"Microsoft Windows Server 2016 Security Technical Implementation Guide","2.001","II - Mission Support Sensitive","File Explorer shell protocol must run in protected mode.","xccdf_mil.disa.stig_rule_SV-224943r569186_rule","Server2.sub1.domain1.local","::1,192.168.13.14","Pass","CCE-47043-5","","medium","SRG-OS-000480-GPOS-00227","xccdf_mil.disa.stig_group_V-224943"
"Microsoft Windows Server 2016 Security Technical Implementation Guide","2.001","II - Mission Support Sensitive","Passwords must not be saved in the Remote Desktop Client.","xccdf_mil.disa.stig_rule_SV-224944r569186_rule","Server2.sub1.domain1.local","::1,192.168.13.14","Pass","CCE-44880-3","","medium","SRG-OS-000373-GPOS-00157","xccdf_mil.disa.stig_group_V-224944"
"Microsoft Windows Server 2016 Security Technical Implementation Guide","2.001","II - Mission Support Sensitive","Local drives must be prevented from sharing with Remote Desktop Session Hosts.","xccdf_mil.disa.stig_rule_SV-224945r569186_rule","Server2.sub1.domain1.local","::1,192.168.13.14","Pass","CCE-46771-2","","medium","SRG-OS-000138-GPOS-00069","xccdf_mil.disa.stig_group_V-224945"
"Microsoft Windows Server 2016 Security Technical Implementation Guide","2.001","II - Mission Support Sensitive","Remote Desktop Services must always prompt a client for passwords upon connection.","xccdf_mil.disa.stig_rule_SV-224946r569186_rule","Server2.sub1.domain1.local","::1,192.168.13.14","Pass","CCE-45743-2","","medium","SRG-OS-000373-GPOS-00157","xccdf_mil.disa.stig_group_V-224946"
"Microsoft Windows Server 2016 Security Technical Implementation Guide","2.001","II - Mission Support Sensitive","The Remote Desktop Session Host must require secure Remote Procedure Call (RPC) communications.","xccdf_mil.disa.stig_rule_SV-224947r569186_rule","Server2.sub1.domain1.local","::1,192.168.13.14","Pass","CCE-44496-8","","medium","SRG-OS-000250-GPOS-00093","xccdf_mil.disa.stig_group_V-224947"
"Microsoft Windows Server 2016 Security Technical Implementation Guide","2.001","II - Mission Support Sensitive","Remote Desktop Services must be configured with the client connection encryption set to High Level.","xccdf_mil.disa.stig_rule_SV-224948r569186_rule","Server2.sub1.domain1.local","::1,192.168.13.14","Pass","CCE-47193-8","","medium","SRG-OS-000250-GPOS-00093","xccdf_mil.disa.stig_group_V-224948"
"Microsoft Windows Server 2016 Security Technical Implementation Guide","2.001","II - Mission Support Sensitive","Attachments must be prevented from being downloaded from RSS feeds.","xccdf_mil.disa.stig_rule_SV-224949r569186_rule","Server2.sub1.domain1.local","::1,192.168.13.14","Pass","CCE-45063-5","","medium","SRG-OS-000480-GPOS-00227","xccdf_mil.disa.stig_group_V-224949"
"Microsoft Windows Server 2016 Security Technical Implementation Guide","2.001","II - Mission Support Sensitive","Basic authentication for RSS feeds over HTTP must not be used.","xccdf_mil.disa.stig_rule_SV-224951r569186_rule","Server2.sub1.domain1.local","::1,192.168.13.14","Pass","CCE-46302-6","","medium","SRG-OS-000095-GPOS-00049","xccdf_mil.disa.stig_group_V-224951"
"Microsoft Windows Server 2016 Security Technical Implementation Guide","2.001","II - Mission Support Sensitive","Indexing of encrypted files must be turned off.","xccdf_mil.disa.stig_rule_SV-224952r569186_rule","Server2.sub1.domain1.local","::1,192.168.13.14","Pass","","","medium","SRG-OS-000095-GPOS-00049","xccdf_mil.disa.stig_group_V-224952"
"Microsoft Windows Server 2016 Security Technical Implementation Guide","2.001","II - Mission Support Sensitive","Users must be prevented from changing installation options.","xccdf_mil.disa.stig_rule_SV-224953r569186_rule","Server2.sub1.domain1.local","::1,192.168.13.14","Pass","CCE-46993-2","","medium","SRG-OS-000362-GPOS-00149","xccdf_mil.disa.stig_group_V-224953"
"Microsoft Windows Server 2016 Security Technical Implementation Guide","2.001","II - Mission Support Sensitive","The Windows Installer Always install with elevated privileges option must be disabled.","xccdf_mil.disa.stig_rule_SV-224954r569186_rule","Server2.sub1.domain1.local","::1,192.168.13.14","Pass","CCE-47225-8","","high","SRG-OS-000362-GPOS-00149","xccdf_mil.disa.stig_group_V-224954"
"Microsoft Windows Server 2016 Security Technical Implementation Guide","2.001","II - Mission Support Sensitive","Users must be notified if a web-based program attempts to install software.","xccdf_mil.disa.stig_rule_SV-224955r569186_rule","Server2.sub1.domain1.local","::1,192.168.13.14","Pass","CCE-46100-4","","medium","SRG-OS-000480-GPOS-00227","xccdf_mil.disa.stig_group_V-224955"
"Microsoft Windows Server 2016 Security Technical Implementation Guide","2.001","II - Mission Support Sensitive","Automatically signing in the last interactive user after a system-initiated restart must be disabled.","xccdf_mil.disa.stig_rule_SV-224956r569186_rule","Server2.sub1.domain1.local","::1,192.168.13.14","Pass","","","medium","SRG-OS-000480-GPOS-00229","xccdf_mil.disa.stig_group_V-224956"
"Microsoft Windows Server 2016 Security Technical Implementation Guide","2.001","II - Mission Support Sensitive","PowerShell script block logging must be enabled.","xccdf_mil.disa.stig_rule_SV-224957r569186_rule","Server2.sub1.domain1.local","::1,192.168.13.14","Pass","","","medium","SRG-OS-000042-GPOS-00020","xccdf_mil.disa.stig_group_V-224957"
"Microsoft Windows Server 2016 Security Technical Implementation Guide","2.001","II - Mission Support Sensitive","The Windows Remote Management (WinRM) client must not use Basic authentication.","xccdf_mil.disa.stig_rule_SV-224958r569186_rule","Server2.sub1.domain1.local","::1,192.168.13.14","Pass","CCE-46295-2","","high","SRG-OS-000125-GPOS-00065","xccdf_mil.disa.stig_group_V-224958"
"Microsoft Windows Server 2016 Security Technical Implementation Guide","2.001","II - Mission Support Sensitive","The Windows Remote Management (WinRM) client must not allow unencrypted traffic.","xccdf_mil.disa.stig_rule_SV-224959r569186_rule","Server2.sub1.domain1.local","::1,192.168.13.14","Pass","CCE-46378-6","","medium","SRG-OS-000393-GPOS-00173","xccdf_mil.disa.stig_group_V-224959"
"Microsoft Windows Server 2016 Security Technical Implementation Guide","2.001","II - Mission Support Sensitive","The Windows Remote Management (WinRM) client must not use Digest authentication.","xccdf_mil.disa.stig_rule_SV-224960r569186_rule","Server2.sub1.domain1.local","::1,192.168.13.14","Pass","CCE-46014-7","","medium","SRG-OS-000125-GPOS-00065","xccdf_mil.disa.stig_group_V-224960"
"Microsoft Windows Server 2016 Security Technical Implementation Guide","2.001","II - Mission Support Sensitive","The Windows Remote Management (WinRM) service must not use Basic authentication.","xccdf_mil.disa.stig_rule_SV-224961r569186_rule","Server2.sub1.domain1.local","::1,192.168.13.14","Pass","CCE-45061-9","","high","SRG-OS-000125-GPOS-00065","xccdf_mil.disa.stig_group_V-224961"
"Microsoft Windows Server 2016 Security Technical Implementation Guide","2.001","II - Mission Support Sensitive","The Windows Remote Management (WinRM) service must not allow unencrypted traffic.","xccdf_mil.disa.stig_rule_SV-224962r569186_rule","Server2.sub1.domain1.local","::1,192.168.13.14","Pass","CCE-45060-1","","medium","SRG-OS-000393-GPOS-00173","xccdf_mil.disa.stig_group_V-224962"
"Microsoft Windows Server 2016 Security Technical Implementation Guide","2.001","II - Mission Support Sensitive","The Windows Remote Management (WinRM) service must not store RunAs credentials.","xccdf_mil.disa.stig_rule_SV-224963r569186_rule","Server2.sub1.domain1.local","::1,192.168.13.14","Pass","CCE-46708-4","","medium","SRG-OS-000373-GPOS-00157","xccdf_mil.disa.stig_group_V-224963"
"Microsoft Windows Server 2016 Security Technical Implementation Guide","2.001","II - Mission Support Sensitive","Local administrator accounts must have their privileged token filtered to prevent elevated privileges from being used over the network on domain systems.","xccdf_mil.disa.stig_rule_SV-225008r569186_rule","Server2.sub1.domain1.local","::1,192.168.13.14","Pass","CCE-50915-8","","medium","SRG-OS-000134-GPOS-00068","xccdf_mil.disa.stig_group_V-225008"
"Microsoft Windows Server 2016 Security Technical Implementation Guide","2.001","II - Mission Support Sensitive","Local users on domain-joined computers must not be enumerated.","xccdf_mil.disa.stig_rule_SV-225009r569186_rule","Server2.sub1.domain1.local","::1,192.168.13.14","Pass","CCE-46382-8","","medium","SRG-OS-000095-GPOS-00049","xccdf_mil.disa.stig_group_V-225009"
"Microsoft Windows Server 2016 Security Technical Implementation Guide","2.001","II - Mission Support Sensitive","Unauthenticated Remote Procedure Call (RPC) clients must be restricted from connecting to the RPC server.","xccdf_mil.disa.stig_rule_SV-225010r569186_rule","Server2.sub1.domain1.local","::1,192.168.13.14","Pass","CCE-46880-1","","medium","SRG-OS-000379-GPOS-00164","xccdf_mil.disa.stig_group_V-225010"
"Microsoft Windows Server 2016 Security Technical Implementation Guide","2.001","II - Mission Support Sensitive","Caching of logon credentials must be limited.","xccdf_mil.disa.stig_rule_SV-225011r569186_rule","Server2.sub1.domain1.local","::1,192.168.13.14","Pass","CCE-46705-0","","medium","SRG-OS-000480-GPOS-00227","xccdf_mil.disa.stig_group_V-225011"
"Microsoft Windows Server 2016 Security Technical Implementation Guide","2.001","II - Mission Support Sensitive","Remote calls to the Security Account Manager (SAM) must be restricted to Administrators.","xccdf_mil.disa.stig_rule_SV-225013r569186_rule","Server2.sub1.domain1.local","::1,192.168.13.14","Pass","CCE-45487-6","","medium","SRG-OS-000324-GPOS-00125","xccdf_mil.disa.stig_group_V-225013"
"Microsoft Windows Server 2016 Security Technical Implementation Guide","2.001","II - Mission Support Sensitive","The Access this computer from the network user right must only be assigned to the Administrators and Authenticated Users groups on member servers.","xccdf_mil.disa.stig_rule_SV-225014r569186_rule","Server2.sub1.domain1.local","::1,192.168.13.14","Pass","CCE-45486-8","","medium","SRG-OS-000080-GPOS-00048","xccdf_mil.disa.stig_group_V-225014"
"Microsoft Windows Server 2016 Security Technical Implementation Guide","2.001","II - Mission Support Sensitive","The Deny access to this computer from the network user right on member servers must be configured to prevent access from highly privileged domain accounts and local accounts on domain systems, and from unauthenticated access on all systems.","xccdf_mil.disa.stig_rule_SV-225015r569186_rule","Server2.sub1.domain1.local","::1,192.168.13.14","Pass","CCE-44499-2","","medium","SRG-OS-000080-GPOS-00048","xccdf_mil.disa.stig_group_V-225015"
"Microsoft Windows Server 2016 Security Technical Implementation Guide","2.001","II - Mission Support Sensitive","The Deny log on as a batch job user right on member servers must be configured to prevent access from highly privileged domain accounts on domain systems and from unauthenticated access on all systems.","xccdf_mil.disa.stig_rule_SV-225016r569186_rule","Server2.sub1.domain1.local","::1,192.168.13.14","Pass","CCE-47287-8","","medium","SRG-OS-000080-GPOS-00048","xccdf_mil.disa.stig_group_V-225016"
"Microsoft Windows Server 2016 Security Technical Implementation Guide","2.001","II - Mission Support Sensitive","The Deny log on as a service user right on member servers must be configured to prevent access from highly privileged domain accounts on domain systems. No other groups or accounts must be assigned this right.","xccdf_mil.disa.stig_rule_SV-225017r569186_rule","Server2.sub1.domain1.local","::1,192.168.13.14","Pass","CCE-47121-9","","medium","SRG-OS-000080-GPOS-00048","xccdf_mil.disa.stig_group_V-225017"
"Microsoft Windows Server 2016 Security Technical Implementation Guide","2.001","II - Mission Support Sensitive","The Deny log on locally user right on member servers must be configured to prevent access from highly privileged domain accounts on domain systems and from unauthenticated access on all systems.","xccdf_mil.disa.stig_rule_SV-225018r569186_rule","Server2.sub1.domain1.local","::1,192.168.13.14","Pass","CCE-46108-7","","medium","SRG-OS-000080-GPOS-00048","xccdf_mil.disa.stig_group_V-225018"
"Microsoft Windows Server 2016 Security Technical Implementation Guide","2.001","II - Mission Support Sensitive","The Deny log on through Remote Desktop Services user right on member servers must be configured to prevent access from highly privileged domain accounts and all local accounts on domain systems and from unauthenticated access on all systems.","xccdf_mil.disa.stig_rule_SV-225019r569186_rule","Server2.sub1.domain1.local","::1,192.168.13.14","Pass","CCE-47279-5","","medium","SRG-OS-000297-GPOS-00115","xccdf_mil.disa.stig_group_V-225019"
"Microsoft Windows Server 2016 Security Technical Implementation Guide","2.001","II - Mission Support Sensitive","The Enable computer and user accounts to be trusted for delegation user right must not be assigned to any groups or accounts on member servers.","xccdf_mil.disa.stig_rule_SV-225020r569186_rule","Server2.sub1.domain1.local","::1,192.168.13.14","Pass","CCE-47308-2","","medium","SRG-OS-000324-GPOS-00125","xccdf_mil.disa.stig_group_V-225020"
"Microsoft Windows Server 2016 Security Technical Implementation Guide","2.001","II - Mission Support Sensitive","The DoD Root CA certificates must be installed in the Trusted Root Store.","xccdf_mil.disa.stig_rule_SV-225021r569277_rule","Server2.sub1.domain1.local","::1,192.168.13.14","Pass","","","medium","SRG-OS-000066-GPOS-00034","xccdf_mil.disa.stig_group_V-225021"
"Microsoft Windows Server 2016 Security Technical Implementation Guide","2.001","II - Mission Support Sensitive","The DoD Interoperability Root CA cross-certificates must be installed in the Untrusted Certificates Store on unclassified systems.","xccdf_mil.disa.stig_rule_SV-225022r569274_rule","Server2.sub1.domain1.local","::1,192.168.13.14","Pass","","","medium","SRG-OS-000066-GPOS-00034","xccdf_mil.disa.stig_group_V-225022"
"Microsoft Windows Server 2016 Security Technical Implementation Guide","2.001","II - Mission Support Sensitive","The US DoD CCEB Interoperability Root CA cross-certificates must be installed in the Untrusted Certificates Store on unclassified systems.","xccdf_mil.disa.stig_rule_SV-225023r569271_rule","Server2.sub1.domain1.local","::1,192.168.13.14","Pass","","","medium","SRG-OS-000066-GPOS-00034","xccdf_mil.disa.stig_group_V-225023"
"Microsoft Windows Server 2016 Security Technical Implementation Guide","2.001","II - Mission Support Sensitive","Windows Server 2016 built-in guest account must be disabled.","xccdf_mil.disa.stig_rule_SV-225024r569186_rule","Server2.sub1.domain1.local","::1,192.168.13.14","Pass","CCE-46960-1","","medium","SRG-OS-000121-GPOS-00062","xccdf_mil.disa.stig_group_V-225024"
"Microsoft Windows Server 2016 Security Technical Implementation Guide","2.001","II - Mission Support Sensitive","Local accounts with blank passwords must be restricted to prevent access from the network.","xccdf_mil.disa.stig_rule_SV-225025r569186_rule","Server2.sub1.domain1.local","::1,192.168.13.14","Pass","CCE-46005-5","","high","SRG-OS-000480-GPOS-00227","xccdf_mil.disa.stig_group_V-225025"
"Microsoft Windows Server 2016 Security Technical Implementation Guide","2.001","II - Mission Support Sensitive","Windows Server 2016 built-in administrator account must be renamed.","xccdf_mil.disa.stig_rule_SV-225026r569186_rule","Server2.sub1.domain1.local","::1,192.168.13.14","Pass","CCE-46321-6","","medium","SRG-OS-000480-GPOS-00227","xccdf_mil.disa.stig_group_V-225026"
"Microsoft Windows Server 2016 Security Technical Implementation Guide","2.001","II - Mission Support Sensitive","Windows Server 2016 built-in guest account must be renamed.","xccdf_mil.disa.stig_rule_SV-225027r569186_rule","Server2.sub1.domain1.local","::1,192.168.13.14","Pass","CCE-46218-4","","medium","SRG-OS-000480-GPOS-00227","xccdf_mil.disa.stig_group_V-225027"
"Microsoft Windows Server 2016 Security Technical Implementation Guide","2.001","II - Mission Support Sensitive","Audit policy using subcategories must be enabled.","xccdf_mil.disa.stig_rule_SV-225028r569186_rule","Server2.sub1.domain1.local","::1,192.168.13.14","Pass","CCE-46406-5","","medium","SRG-OS-000062-GPOS-00031","xccdf_mil.disa.stig_group_V-225028"
"Microsoft Windows Server 2016 Security Technical Implementation Guide","2.001","II - Mission Support Sensitive","The setting Domain member: Digitally encrypt or sign secure channel data (always) must be configured to Enabled.","xccdf_mil.disa.stig_rule_SV-225029r569186_rule","Server2.sub1.domain1.local","::1,192.168.13.14","Pass","CCE-46754-8","","medium","SRG-OS-000423-GPOS-00187","xccdf_mil.disa.stig_group_V-225029"
"Microsoft Windows Server 2016 Security Technical Implementation Guide","2.001","II - Mission Support Sensitive","The setting Domain member: Digitally encrypt secure channel data (when possible) must be configured to enabled.","xccdf_mil.disa.stig_rule_SV-225030r569186_rule","Server2.sub1.domain1.local","::1,192.168.13.14","Pass","CCE-46546-8","","medium","SRG-OS-000423-GPOS-00187","xccdf_mil.disa.stig_group_V-225030"
"Microsoft Windows Server 2016 Security Technical Implementation Guide","2.001","II - Mission Support Sensitive","The setting Domain member: Digitally sign secure channel data (when possible) must be configured to Enabled.","xccdf_mil.disa.stig_rule_SV-225031r569186_rule","Server2.sub1.domain1.local","::1,192.168.13.14","Pass","CCE-46440-4","","medium","SRG-OS-000423-GPOS-00187","xccdf_mil.disa.stig_group_V-225031"
"Microsoft Windows Server 2016 Security Technical Implementation Guide","2.001","II - Mission Support Sensitive","The computer account password must not be prevented from being reset.","xccdf_mil.disa.stig_rule_SV-225032r569186_rule","Server2.sub1.domain1.local","::1,192.168.13.14","Pass","CCE-46018-8","","medium","SRG-OS-000379-GPOS-00164","xccdf_mil.disa.stig_group_V-225032"
"Microsoft Windows Server 2016 Security Technical Implementation Guide","2.001","II - Mission Support Sensitive","The maximum age for machine account passwords must be configured to 30 days or less.","xccdf_mil.disa.stig_rule_SV-225033r569186_rule","Server2.sub1.domain1.local","::1,192.168.13.14","Pass","CCE-46616-9","","medium","SRG-OS-000480-GPOS-00227","xccdf_mil.disa.stig_group_V-225033"
"Microsoft Windows Server 2016 Security Technical Implementation Guide","2.001","II - Mission Support Sensitive","Windows Server 2016 must be configured to require a strong session key.","xccdf_mil.disa.stig_rule_SV-225034r569186_rule","Server2.sub1.domain1.local","::1,192.168.13.14","Pass","CCE-45958-6","","medium","SRG-OS-000423-GPOS-00187","xccdf_mil.disa.stig_group_V-225034"
"Microsoft Windows Server 2016 Security Technical Implementation Guide","2.001","II - Mission Support Sensitive","The machine inactivity limit must be set to 15 minutes, locking the system with the screen saver.","xccdf_mil.disa.stig_rule_SV-225035r569186_rule","Server2.sub1.domain1.local","::1,192.168.13.14","Pass","CCE-46768-8","","medium","SRG-OS-000029-GPOS-00010","xccdf_mil.disa.stig_group_V-225035"
"Microsoft Windows Server 2016 Security Technical Implementation Guide","2.001","II - Mission Support Sensitive","The Smart Card removal option must be configured to Force Logoff or Lock Workstation.","xccdf_mil.disa.stig_rule_SV-225038r569186_rule","Server2.sub1.domain1.local","::1,192.168.13.14","Pass","CCE-46148-3","","medium","SRG-OS-000480-GPOS-00227","xccdf_mil.disa.stig_group_V-225038"
"Microsoft Windows Server 2016 Security Technical Implementation Guide","2.001","II - Mission Support Sensitive","The setting Microsoft network client: Digitally sign communications (always) must be configured to Enabled.","xccdf_mil.disa.stig_rule_SV-225039r569186_rule","Server2.sub1.domain1.local","::1,192.168.13.14","Pass","CCE-46135-0","","medium","SRG-OS-000423-GPOS-00187","xccdf_mil.disa.stig_group_V-225039"
"Microsoft Windows Server 2016 Security Technical Implementation Guide","2.001","II - Mission Support Sensitive","The setting Microsoft network client: Digitally sign communications (if server agrees) must be configured to Enabled.","xccdf_mil.disa.stig_rule_SV-225040r569186_rule","Server2.sub1.domain1.local","::1,192.168.13.14","Pass","CCE-46334-9","","medium","SRG-OS-000423-GPOS-00187","xccdf_mil.disa.stig_group_V-225040"
"Microsoft Windows Server 2016 Security Technical Implementation Guide","2.001","II - Mission Support Sensitive","Unencrypted passwords must not be sent to third-party Server Message Block (SMB) servers.","xccdf_mil.disa.stig_rule_SV-225041r569186_rule","Server2.sub1.domain1.local","::1,192.168.13.14","Pass","CCE-46136-8","","medium","SRG-OS-000074-GPOS-00042","xccdf_mil.disa.stig_group_V-225041"
"Microsoft Windows Server 2016 Security Technical Implementation Guide","2.001","II - Mission Support Sensitive","The setting Microsoft network server: Digitally sign communications (always) must be configured to Enabled.","xccdf_mil.disa.stig_rule_SV-225042r569186_rule","Server2.sub1.domain1.local","::1,192.168.13.14","Pass","CCE-47038-5","","medium","SRG-OS-000423-GPOS-00187","xccdf_mil.disa.stig_group_V-225042"
"Microsoft Windows Server 2016 Security Technical Implementation Guide","2.001","II - Mission Support Sensitive","The setting Microsoft network server: Digitally sign communications (if client agrees) must be configured to Enabled.","xccdf_mil.disa.stig_rule_SV-225043r569186_rule","Server2.sub1.domain1.local","::1,192.168.13.14","Pass","CCE-46230-9","","medium","SRG-OS-000423-GPOS-00187","xccdf_mil.disa.stig_group_V-225043"
"Microsoft Windows Server 2016 Security Technical Implementation Guide","2.001","II - Mission Support Sensitive","Anonymous enumeration of Security Account Manager (SAM) accounts must not be allowed.","xccdf_mil.disa.stig_rule_SV-225045r569186_rule","Server2.sub1.domain1.local","::1,192.168.13.14","Pass","CCE-46305-9","","high","SRG-OS-000480-GPOS-00227","xccdf_mil.disa.stig_group_V-225045"
"Microsoft Windows Server 2016 Security Technical Implementation Guide","2.001","II - Mission Support Sensitive","Anonymous enumeration of shares must not be allowed.","xccdf_mil.disa.stig_rule_SV-225046r569186_rule","Server2.sub1.domain1.local","::1,192.168.13.14","Pass","CCE-46305-9","","high","SRG-OS-000138-GPOS-00069","xccdf_mil.disa.stig_group_V-225046"
"Microsoft Windows Server 2016 Security Technical Implementation Guide","2.001","II - Mission Support Sensitive","Windows Server 2016 must be configured to prevent anonymous users from having the same permissions as the Everyone group.","xccdf_mil.disa.stig_rule_SV-225047r569186_rule","Server2.sub1.domain1.local","::1,192.168.13.14","Pass","CCE-46412-3","","medium","SRG-OS-000480-GPOS-00227","xccdf_mil.disa.stig_group_V-225047"
"Microsoft Windows Server 2016 Security Technical Implementation Guide","2.001","II - Mission Support Sensitive","Anonymous access to Named Pipes and Shares must be restricted.","xccdf_mil.disa.stig_rule_SV-225048r569186_rule","Server2.sub1.domain1.local","::1,192.168.13.14","Pass","CCE-44911-6","","high","SRG-OS-000138-GPOS-00069","xccdf_mil.disa.stig_group_V-225048"
"Microsoft Windows Server 2016 Security Technical Implementation Guide","2.001","II - Mission Support Sensitive","Services using Local System that use Negotiate when reverting to NTLM authentication must use the computer identity instead of authenticating anonymously.","xccdf_mil.disa.stig_rule_SV-225049r569186_rule","Server2.sub1.domain1.local","::1,192.168.13.14","Pass","CCE-46338-0","","medium","SRG-OS-000480-GPOS-00227","xccdf_mil.disa.stig_group_V-225049"
"Microsoft Windows Server 2016 Security Technical Implementation Guide","2.001","II - Mission Support Sensitive","NTLM must be prevented from falling back to a Null session.","xccdf_mil.disa.stig_rule_SV-225050r569186_rule","Server2.sub1.domain1.local","::1,192.168.13.14","Pass","CCE-47296-9","","medium","SRG-OS-000480-GPOS-00227","xccdf_mil.disa.stig_group_V-225050"
"Microsoft Windows Server 2016 Security Technical Implementation Guide","2.001","II - Mission Support Sensitive","PKU2U authentication using online identities must be prevented.","xccdf_mil.disa.stig_rule_SV-225051r569186_rule","Server2.sub1.domain1.local","::1,192.168.13.14","Pass","CCE-46030-3","","medium","SRG-OS-000480-GPOS-00227","xccdf_mil.disa.stig_group_V-225051"
"Microsoft Windows Server 2016 Security Technical Implementation Guide","2.001","II - Mission Support Sensitive","Kerberos encryption types must be configured to prevent the use of DES and RC4 encryption suites.","xccdf_mil.disa.stig_rule_SV-225052r569186_rule","Server2.sub1.domain1.local","::1,192.168.13.14","Pass","CCE-44602-1","","medium","SRG-OS-000120-GPOS-00061","xccdf_mil.disa.stig_group_V-225052"
"Microsoft Windows Server 2016 Security Technical Implementation Guide","2.001","II - Mission Support Sensitive","Windows Server 2016 must be configured to prevent the storage of the LAN Manager hash of passwords.","xccdf_mil.disa.stig_rule_SV-225053r569186_rule","Server2.sub1.domain1.local","::1,192.168.13.14","Pass","CCE-46031-1","","high","SRG-OS-000073-GPOS-00041","xccdf_mil.disa.stig_group_V-225053"
"Microsoft Windows Server 2016 Security Technical Implementation Guide","2.001","II - Mission Support Sensitive","The LAN Manager authentication level must be set to send NTLMv2 response only and to refuse LM and NTLM.","xccdf_mil.disa.stig_rule_SV-225054r569186_rule","Server2.sub1.domain1.local","::1,192.168.13.14","Pass","CCE-46565-8","","high","SRG-OS-000480-GPOS-00227","xccdf_mil.disa.stig_group_V-225054"
"Microsoft Windows Server 2016 Security Technical Implementation Guide","2.001","II - Mission Support Sensitive","Windows Server 2016 must be configured to at least negotiate signing for LDAP client signing.","xccdf_mil.disa.stig_rule_SV-225055r569186_rule","Server2.sub1.domain1.local","::1,192.168.13.14","Pass","CCE-47129-2","","medium","SRG-OS-000480-GPOS-00227","xccdf_mil.disa.stig_group_V-225055"
"Microsoft Windows Server 2016 Security Technical Implementation Guide","2.001","II - Mission Support Sensitive","Session security for NTLM SSP-based clients must be configured to require NTLMv2 session security and 128-bit encryption.","xccdf_mil.disa.stig_rule_SV-225056r569186_rule","Server2.sub1.domain1.local","::1,192.168.13.14","Pass","CCE-44861-3","","medium","SRG-OS-000480-GPOS-00227","xccdf_mil.disa.stig_group_V-225056"
"Microsoft Windows Server 2016 Security Technical Implementation Guide","2.001","II - Mission Support Sensitive","Session security for NTLM SSP-based servers must be configured to require NTLMv2 session security and 128-bit encryption.","xccdf_mil.disa.stig_rule_SV-225057r569186_rule","Server2.sub1.domain1.local","::1,192.168.13.14","Pass","CCE-46160-8","","medium","SRG-OS-000480-GPOS-00227","xccdf_mil.disa.stig_group_V-225057"
"Microsoft Windows Server 2016 Security Technical Implementation Guide","2.001","II - Mission Support Sensitive","Users must be required to enter a password to access private keys stored on the computer.","xccdf_mil.disa.stig_rule_SV-225058r569186_rule","Server2.sub1.domain1.local","::1,192.168.13.14","Pass","CCE-46878-5","","medium","SRG-OS-000067-GPOS-00035","xccdf_mil.disa.stig_group_V-225058"
"Microsoft Windows Server 2016 Security Technical Implementation Guide","2.001","II - Mission Support Sensitive","Windows Server 2016 must be configured to use FIPS-compliant algorithms for encryption, hashing, and signing.","xccdf_mil.disa.stig_rule_SV-225059r569186_rule","Server2.sub1.domain1.local","::1,192.168.13.14","Pass","CCE-44610-4","","medium","SRG-OS-000033-GPOS-00014","xccdf_mil.disa.stig_group_V-225059"
"Microsoft Windows Server 2016 Security Technical Implementation Guide","2.001","II - Mission Support Sensitive","The default permissions of global system objects must be strengthened.","xccdf_mil.disa.stig_rule_SV-225060r569186_rule","Server2.sub1.domain1.local","::1,192.168.13.14","Pass","CCE-44597-3","","low","SRG-OS-000480-GPOS-00227","xccdf_mil.disa.stig_group_V-225060"
"Microsoft Windows Server 2016 Security Technical Implementation Guide","2.001","II - Mission Support Sensitive","User Account Control approval mode for the built-in Administrator must be enabled.","xccdf_mil.disa.stig_rule_SV-225061r569186_rule","Server2.sub1.domain1.local","::1,192.168.13.14","Pass","CCE-47000-5","","medium","SRG-OS-000373-GPOS-00157","xccdf_mil.disa.stig_group_V-225061"
"Microsoft Windows Server 2016 Security Technical Implementation Guide","2.001","II - Mission Support Sensitive","UIAccess applications must not be allowed to prompt for elevation without using the secure desktop.","xccdf_mil.disa.stig_rule_SV-225062r569186_rule","Server2.sub1.domain1.local","::1,192.168.13.14","Pass","CCE-46911-4","","medium","SRG-OS-000134-GPOS-00068","xccdf_mil.disa.stig_group_V-225062"
"Microsoft Windows Server 2016 Security Technical Implementation Guide","2.001","II - Mission Support Sensitive","User Account Control must, at a minimum, prompt administrators for consent on the secure desktop.","xccdf_mil.disa.stig_rule_SV-225063r569186_rule","Server2.sub1.domain1.local","::1,192.168.13.14","Pass","CCE-47284-5","","medium","SRG-OS-000134-GPOS-00068","xccdf_mil.disa.stig_group_V-225063"
"Microsoft Windows Server 2016 Security Technical Implementation Guide","2.001","II - Mission Support Sensitive","User Account Control must automatically deny standard user requests for elevation.","xccdf_mil.disa.stig_rule_SV-225064r569186_rule","Server2.sub1.domain1.local","::1,192.168.13.14","Pass","CCE-47214-2","","medium","SRG-OS-000373-GPOS-00157","xccdf_mil.disa.stig_group_V-225064"
"Microsoft Windows Server 2016 Security Technical Implementation Guide","2.001","II - Mission Support Sensitive","User Account Control must be configured to detect application installations and prompt for elevation.","xccdf_mil.disa.stig_rule_SV-225065r569186_rule","Server2.sub1.domain1.local","::1,192.168.13.14","Pass","CCE-46912-2","","medium","SRG-OS-000134-GPOS-00068","xccdf_mil.disa.stig_group_V-225065"
"Microsoft Windows Server 2016 Security Technical Implementation Guide","2.001","II - Mission Support Sensitive","User Account Control must only elevate UIAccess applications that are installed in secure locations.","xccdf_mil.disa.stig_rule_SV-225066r569186_rule","Server2.sub1.domain1.local","::1,192.168.13.14","Pass","CCE-46913-0","","medium","SRG-OS-000134-GPOS-00068","xccdf_mil.disa.stig_group_V-225066"
"Microsoft Windows Server 2016 Security Technical Implementation Guide","2.001","II - Mission Support Sensitive","User Account Control must run all administrators in Admin Approval Mode, enabling UAC.","xccdf_mil.disa.stig_rule_SV-225067r569186_rule","Server2.sub1.domain1.local","::1,192.168.13.14","Pass","CCE-47154-0","","medium","SRG-OS-000373-GPOS-00157","xccdf_mil.disa.stig_group_V-225067"
"Microsoft Windows Server 2016 Security Technical Implementation Guide","2.001","II - Mission Support Sensitive","User Account Control must virtualize file and registry write failures to per-user locations.","xccdf_mil.disa.stig_rule_SV-225068r569186_rule","Server2.sub1.domain1.local","::1,192.168.13.14","Pass","CCE-47157-3","","medium","SRG-OS-000134-GPOS-00068","xccdf_mil.disa.stig_group_V-225068"
"Microsoft Windows Server 2016 Security Technical Implementation Guide","2.001","II - Mission Support Sensitive","The Access Credential Manager as a trusted caller user right must not be assigned to any groups or accounts.","xccdf_mil.disa.stig_rule_SV-225070r569186_rule","Server2.sub1.domain1.local","::1,192.168.13.14","Pass","CCE-47182-1","","medium","SRG-OS-000324-GPOS-00125","xccdf_mil.disa.stig_group_V-225070"
"Microsoft Windows Server 2016 Security Technical Implementation Guide","2.001","II - Mission Support Sensitive","The Act as part of the operating system user right must not be assigned to any groups or accounts.","xccdf_mil.disa.stig_rule_SV-225071r569186_rule","Server2.sub1.domain1.local","::1,192.168.13.14","Pass","CCE-46917-1","","high","SRG-OS-000324-GPOS-00125","xccdf_mil.disa.stig_group_V-225071"
"Microsoft Windows Server 2016 Security Technical Implementation Guide","2.001","II - Mission Support Sensitive","The Allow log on locally user right must only be assigned to the Administrators group.","xccdf_mil.disa.stig_rule_SV-225072r569186_rule","Server2.sub1.domain1.local","::1,192.168.13.14","Pass","CCE-45723-4","","medium","SRG-OS-000080-GPOS-00048","xccdf_mil.disa.stig_group_V-225072"
"Microsoft Windows Server 2016 Security Technical Implementation Guide","2.001","II - Mission Support Sensitive","The Back up files and directories user right must only be assigned to the Administrators group.","xccdf_mil.disa.stig_rule_SV-225073r569186_rule","Server2.sub1.domain1.local","::1,192.168.13.14","Pass","CCE-44987-6","","medium","SRG-OS-000324-GPOS-00125","xccdf_mil.disa.stig_group_V-225073"
"Microsoft Windows Server 2016 Security Technical Implementation Guide","2.001","II - Mission Support Sensitive","The Create a pagefile user right must only be assigned to the Administrators group.","xccdf_mil.disa.stig_rule_SV-225074r569186_rule","Server2.sub1.domain1.local","::1,192.168.13.14","Pass","CCE-44695-5","","medium","SRG-OS-000324-GPOS-00125","xccdf_mil.disa.stig_group_V-225074"
"Microsoft Windows Server 2016 Security Technical Implementation Guide","2.001","II - Mission Support Sensitive","The Create global objects user right must only be assigned to Administrators, Service, Local Service, and Network Service.","xccdf_mil.disa.stig_rule_SV-225076r569186_rule","Server2.sub1.domain1.local","::1,192.168.13.14","Pass","CCE-44705-2","","medium","SRG-OS-000324-GPOS-00125","xccdf_mil.disa.stig_group_V-225076"
"Microsoft Windows Server 2016 Security Technical Implementation Guide","2.001","II - Mission Support Sensitive","The Create permanent shared objects user right must not be assigned to any groups or accounts.","xccdf_mil.disa.stig_rule_SV-225077r569186_rule","Server2.sub1.domain1.local","::1,192.168.13.14","Pass","CCE-46835-5","","medium","SRG-OS-000324-GPOS-00125","xccdf_mil.disa.stig_group_V-225077"
"Microsoft Windows Server 2016 Security Technical Implementation Guide","2.001","II - Mission Support Sensitive","The Create symbolic links user right must only be assigned to the Administrators group.","xccdf_mil.disa.stig_rule_SV-225078r569186_rule","Server2.sub1.domain1.local","::1,192.168.13.14","Pass","CCE-44828-2","","medium","SRG-OS-000324-GPOS-00125","xccdf_mil.disa.stig_group_V-225078"
"Microsoft Windows Server 2016 Security Technical Implementation Guide","2.001","II - Mission Support Sensitive","The Debug programs user right must only be assigned to the Administrators group.","xccdf_mil.disa.stig_rule_SV-225079r569186_rule","Server2.sub1.domain1.local","::1,192.168.13.14","Pass","CCE-44927-2","","high","SRG-OS-000324-GPOS-00125","xccdf_mil.disa.stig_group_V-225079"
"Microsoft Windows Server 2016 Security Technical Implementation Guide","2.001","II - Mission Support Sensitive","The Force shutdown from a remote system user right must only be assigned to the Administrators group.","xccdf_mil.disa.stig_rule_SV-225080r569186_rule","Server2.sub1.domain1.local","::1,192.168.13.14","Pass","CCE-44650-0","","medium","SRG-OS-000324-GPOS-00125","xccdf_mil.disa.stig_group_V-225080"
"Microsoft Windows Server 2016 Security Technical Implementation Guide","2.001","II - Mission Support Sensitive","The Generate security audits user right must only be assigned to Local Service and Network Service.","xccdf_mil.disa.stig_rule_SV-225081r569186_rule","Server2.sub1.domain1.local","::1,192.168.13.14","Pass","CCE-45689-7","","medium","SRG-OS-000324-GPOS-00125","xccdf_mil.disa.stig_group_V-225081"
"Microsoft Windows Server 2016 Security Technical Implementation Guide","2.001","II - Mission Support Sensitive","The Impersonate a client after authentication user right must only be assigned to Administrators, Service, Local Service, and Network Service.","xccdf_mil.disa.stig_rule_SV-225082r569186_rule","Server2.sub1.domain1.local","::1,192.168.13.14","Pass","CCE-44804-3","","medium","SRG-OS-000324-GPOS-00125","xccdf_mil.disa.stig_group_V-225082"
"Microsoft Windows Server 2016 Security Technical Implementation Guide","2.001","II - Mission Support Sensitive","The Increase scheduling priority user right must only be assigned to the Administrators group.","xccdf_mil.disa.stig_rule_SV-225083r569186_rule","Server2.sub1.domain1.local","::1,192.168.13.14","Pass","CCE-47022-9","","medium","SRG-OS-000324-GPOS-00125","xccdf_mil.disa.stig_group_V-225083"
"Microsoft Windows Server 2016 Security Technical Implementation Guide","2.001","II - Mission Support Sensitive","The Load and unload device drivers user right must only be assigned to the Administrators group.","xccdf_mil.disa.stig_rule_SV-225084r569186_rule","Server2.sub1.domain1.local","::1,192.168.13.14","Pass","CCE-45960-2","","medium","SRG-OS-000324-GPOS-00125","xccdf_mil.disa.stig_group_V-225084"
"Microsoft Windows Server 2016 Security Technical Implementation Guide","2.001","II - Mission Support Sensitive","The Lock pages in memory user right must not be assigned to any groups or accounts.","xccdf_mil.disa.stig_rule_SV-225085r569186_rule","Server2.sub1.domain1.local","::1,192.168.13.14","Pass","CCE-47319-9","","medium","SRG-OS-000324-GPOS-00125","xccdf_mil.disa.stig_group_V-225085"
"Microsoft Windows Server 2016 Security Technical Implementation Guide","2.001","II - Mission Support Sensitive","The Manage auditing and security log user right must only be assigned to the Administrators group.","xccdf_mil.disa.stig_rule_SV-225086r569186_rule","Server2.sub1.domain1.local","::1,192.168.13.14","Pass","CCE-46078-2","","medium","SRG-OS-000057-GPOS-00027","xccdf_mil.disa.stig_group_V-225086"
"Microsoft Windows Server 2016 Security Technical Implementation Guide","2.001","II - Mission Support Sensitive","The Modify firmware environment values user right must only be assigned to the Administrators group.","xccdf_mil.disa.stig_rule_SV-225087r569186_rule","Server2.sub1.domain1.local","::1,192.168.13.14","Pass","CCE-46761-3","","medium","SRG-OS-000324-GPOS-00125","xccdf_mil.disa.stig_group_V-225087"
"Microsoft Windows Server 2016 Security Technical Implementation Guide","2.001","II - Mission Support Sensitive","The Perform volume maintenance tasks user right must only be assigned to the Administrators group.","xccdf_mil.disa.stig_rule_SV-225088r569186_rule","Server2.sub1.domain1.local","::1,192.168.13.14","Pass","CCE-46126-9","","medium","SRG-OS-000324-GPOS-00125","xccdf_mil.disa.stig_group_V-225088"
"Microsoft Windows Server 2016 Security Technical Implementation Guide","2.001","II - Mission Support Sensitive","The Profile single process user right must only be assigned to the Administrators group.","xccdf_mil.disa.stig_rule_SV-225089r569186_rule","Server2.sub1.domain1.local","::1,192.168.13.14","Pass","CCE-46517-9","","medium","SRG-OS-000324-GPOS-00125","xccdf_mil.disa.stig_group_V-225089"
"Microsoft Windows Server 2016 Security Technical Implementation Guide","2.001","II - Mission Support Sensitive","The Create a token object user right must not be assigned to any groups or accounts.","xccdf_mil.disa.stig_rule_SV-225091r569186_rule","Server2.sub1.domain1.local","::1,192.168.13.14","Pass","CCE-47295-1","","high","SRG-OS-000324-GPOS-00125","xccdf_mil.disa.stig_group_V-225091"
"Microsoft Windows Server 2016 Security Technical Implementation Guide","2.001","II - Mission Support Sensitive","The Restore files and directories user right must only be assigned to the Administrators group.","xccdf_mil.disa.stig_rule_SV-225092r569186_rule","Server2.sub1.domain1.local","::1,192.168.13.14","Pass","CCE-46176-4","","medium","SRG-OS-000324-GPOS-00125","xccdf_mil.disa.stig_group_V-225092"
"Microsoft Windows Server 2016 Security Technical Implementation Guide","2.001","II - Mission Support Sensitive","The Take ownership of files or other objects user right must only be assigned to the Administrators group.","xccdf_mil.disa.stig_rule_SV-225093r569186_rule","Server2.sub1.domain1.local","::1,192.168.13.14","Pass","CCE-46216-8","","medium","SRG-OS-000324-GPOS-00125","xccdf_mil.disa.stig_group_V-225093"
""